{
    "warnings": [],
    "computational_time": 1418.5398771762848,
    "vehicles_runtimes": [
        [
            0,
            104.39883333333333
        ],
        [
            1,
            1051.260166666666
        ]
    ]
}