{
    "warnings": [],
    "computational_time": 0.654813289642334,
    "vehicles_runtimes": [
        [
            0,
            104.50883333333333
        ],
        [
            1,
            1082.7083333333344
        ]
    ]
}