{
    "warnings": [],
    "computational_time": 1136.2705404758453,
    "vehicles_driving_stats": [
        {
            "index": 0,
            "runtime": 1267.6475000000005,
            "distance": 7036.59
        }
    ]
}