{
    "warnings": [],
    "computational_time": 13.084615707397461,
    "vehicles_driving_stats": [
        {
            "index": 0,
            "runtime": 1910.818999999999,
            "distance": 16726.9
        }
    ]
}