{
    "warnings": [],
    "computational_time": 1329.441475868225,
    "vehicles_runtimes": [
        [
            0,
            104.39883333333333
        ],
        [
            1,
            1008.6036666666687
        ]
    ]
}