{
    "warnings": [],
    "computational_time": 0.01522207260131836,
    "vehicles_driving_stats": [
        [
            0,
            {
                "runtime": 104.50883333333333,
                "distance": 5541.73
            }
        ],
        [
            1,
            {
                "runtime": 1082.7083333333344,
                "distance": 26377.27
            }
        ]
    ]
}