{
    "warnings": [],
    "computational_time": 1329.2612507343292,
    "vehicles_runtimes": [
        [
            0,
            104.39883333333333
        ],
        [
            1,
            1088.2144999999994
        ]
    ]
}