{
    "warnings": [],
    "computational_time": 1355.7095565795898,
    "vehicles_runtimes": [
        [
            0,
            104.39883333333333
        ],
        [
            1,
            1044.5053333333326
        ]
    ]
}