{
    "warnings": [],
    "computational_time": 1364.5532512664795,
    "vehicles_runtimes": [
        [
            0,
            104.39883333333333
        ],
        [
            1,
            1051.0528333333348
        ]
    ]
}