{
    "warnings": [],
    "computational_time": 0.01497507095336914,
    "vehicles_driving_stats": [
        {
            "index": 0,
            "runtime": 1313.1821666666665,
            "distance": 5116.16
        }
    ]
}