{
    "warnings": [],
    "computational_time": 0.014647960662841797,
    "vehicles_driving_stats": [
        {
            "index": 0,
            "runtime": 1399.7139999999988,
            "distance": 94828.66
        }
    ]
}