{
    "warnings": [],
    "computational_time": 1370.771312713623,
    "vehicles_runtimes": [
        [
            0,
            104.39883333333333
        ],
        [
            1,
            1008.9308333333313
        ]
    ]
}