{
    "warnings": [],
    "computational_time": 1285.0370440483093,
    "vehicles_runtimes": [
        [
            0,
            104.39883333333333
        ],
        [
            1,
            1027.2676666666653
        ]
    ]
}