{
    "warnings": [
        "  4d 00:00 WARNING - Site #35 is full.",
        "  4d 00:00 WARNING - Site #48 is full.",
        "  4d 00:00 WARNING - Site #51 is full.",
        "  5d 00:00 WARNING - Site #15 is full.",
        "  5d 00:00 WARNING - Site #20 is full.",
        "  5d 00:00 WARNING - Site #56 is full.",
        "  6d 00:00 WARNING - Site #39 is full.",
        "  8d 00:00 WARNING - Site #44 is full.",
        "  8d 00:00 WARNING - Site #54 is full.",
        " 10d 00:00 WARNING - Site #32 is full.",
        " 10d 00:00 WARNING - Site #43 is full.",
        " 10d 00:00 WARNING - Site #55 is full.",
        " 11d 00:00 WARNING - Site #16 is full.",
        " 11d 00:00 WARNING - Site #25 is full.",
        " 11d 00:00 WARNING - Site #53 is full.",
        " 12d 00:00 WARNING - Site #21 is full.",
        " 12d 00:00 WARNING - Site #22 is full.",
        " 12d 00:00 WARNING - Site #57 is full.",
        " 13d 00:00 WARNING - Site #12 is full.",
        " 13d 00:00 WARNING - Site #46 is full.",
        " 13d 00:00 WARNING - Site #49 is full."
    ],
    "computational_time": 0.23599958419799805,
    "vehicles_runtimes": [
        [
            0,
            79.45083333333334
        ],
        [
            1,
            0
        ],
        [
            2,
            0
        ],
        [
            3,
            791.9189999999999
        ]
    ]
}