{
    "warnings": [],
    "computational_time": 0.06047797203063965,
    "vehicles_runtimes": [
        [
            0,
            2822.078833333334
        ],
        [
            1,
            2742.3081666666617
        ],
        [
            2,
            2911.1358333333364
        ],
        [
            3,
            2874.968833333338
        ]
    ]
}