{
    "warnings": [],
    "computational_time": 0.009807109832763672,
    "vehicles_runtimes": [
        [
            0,
            486.40866666666665
        ],
        [
            1,
            488.071
        ],
        [
            2,
            461.33166666666665
        ],
        [
            3,
            481.06866666666673
        ]
    ]
}
