{
    "warnings": [],
    "computational_time": 0.015050888061523438,
    "vehicles_runtimes": [
        [
            0,
            104.50883333333333
        ],
        [
            1,
            1082.7083333333344
        ]
    ],
    "vehicles_distance": [
        [
            0,
            5541.73
        ],
        [
            1,
            26377.27
        ]
    ]
}