{"warnings": [], "computational_time": 0.010088920593261719, "vehicles_runtimes": [[0, 490.1053333333333], [1, 478.3923333333334], [2, 429.2328333333334], [3, 465.835]]}