{
    "warnings": [
        "  5d 00:00 WARNING - Site #22 is full.",
        "  7d 00:00 WARNING - Site #34 is full.",
        "  7d 00:00 WARNING - Site #49 is full.",
        "  9d 00:00 WARNING - Site #29 is full.",
        " 10d 00:00 WARNING - Site #1 is full.",
        " 10d 00:00 WARNING - Site #37 is full.",
        " 10d 00:00 WARNING - Site #45 is full.",
        " 11d 00:00 WARNING - Site #13 is full.",
        " 12d 00:00 WARNING - Site #21 is full.",
        " 12d 00:00 WARNING - Site #57 is full.",
        " 13d 00:00 WARNING - Site #12 is full.",
        " 13d 00:00 WARNING - Site #20 is full.",
        " 13d 00:00 WARNING - Site #26 is full."
    ],
    "computational_time": 5.89775824546814,
    "vehicles_runtimes": [
        [
            0,
            2727.5290000000005
        ],
        [
            1,
            1921.4640000000034
        ]
    ]
}