{
    "warnings": [],
    "computational_time": 0.016145706176757812,
    "vehicles_runtimes": [
        [
            0,
            104.50883333333333
        ],
        [
            1,
            1082.7083333333344
        ]
    ]
}