{
    "warnings": [],
    "computational_time": 1251.1600935459137,
    "vehicles_runtimes": [
        [
            0,
            104.39883333333333
        ],
        [
            1,
            1003.0491666666662
        ]
    ]
}